/data/MSTAR/Devkit_9/MSTARD9_FS/15DegFS/meta+pngs/hb32036m.png,0,0,1,1,NonErected
/data/MSTAR/Devkit_9/MSTARD9_FS/15DegFS/meta+pngs/hb32037m.png,0,0,1,1,NonErected
/data/MSTAR/Devkit_9/MSTARD9_FS/15DegFS/meta+pngs/hb32044m.png,0,0,1,1,NonErected
/data/MSTAR/Devkit_9/MSTARD9_FS/15DegFS/meta+pngs/hb32050m.png,0,0,1,1,NonErected
/data/MSTAR/Devkit_9/MSTARD9_FS/15DegFS/meta+pngs/hb32053m.png,0,0,1,1,NonErected
/data/MSTAR/Devkit_9/MSTARD9_FS/15DegFS/meta+pngs/hb32115m.png,0,0,1,1,NonErected
/data/MSTAR/Devkit_9/MSTARD9_FS/15DegFS/meta+pngs/hb32120m.png,0,0,1,1,NonErected
/data/MSTAR/Devkit_9/MSTARD9_FS/15DegFS/meta+pngs/hb32121m.png,0,0,1,1,NonErected
/data/MSTAR/Devkit_9/MSTARD9_FS/15DegFS/meta+pngs/hb32125m.png,0,0,1,1,NonErected
/data/MSTAR/Devkit_9/MSTARD9_FS/15DegFS/meta+pngs/hb32154m.png,0,0,1,1,NonErected
/data/MSTAR/Devkit_9/MSTARD9_FS/15DegFS/meta+pngs/hb32155m.png,0,0,1,1,NonErected
/data/MSTAR/Devkit_9/MSTARD9_FS/15DegFS/meta+pngs/hb32169m.png,0,0,1,1,NonErected
/data/MSTAR/Devkit_9/MSTARD9_FS/15DegFS/meta+pngs/hb32170m.png,0,0,1,1,NonErected
/data/MSTAR/Devkit_9/MSTARD9_FS/15DegFS/meta+pngs/hb32203m.png,0,0,1,1,NonErected
/data/MSTAR/Devkit_9/MSTARD9_FS/15DegFS/meta+pngs/hb32207m.png,0,0,1,1,NonErected
/data/MSTAR/Devkit_9/MSTARD9_FS/15DegFS/meta+pngs/hb32266m.png,0,0,1,1,NonErected
/data/MSTAR/Devkit_9/MSTARD9_FS/15DegFS/meta+pngs/hb32274m.png,0,0,1,1,NonErected
/data/MSTAR/Devkit_9/MSTARD9_FS/15DegFS/meta+pngs/hb32280m.png,0,0,1,1,NonErected
/data/MSTAR/Devkit_9/MSTARD9_FS/15DegFS/meta+pngs/hb32282m.png,0,0,1,1,NonErected
/data/MSTAR/Devkit_9/MSTARD9_FS/15DegFS/meta+pngs/hb32319m.png,0,0,1,1,NonErected
